Informe anual de actividades - 2004,2004,f,2004-11-14,2004-11-14
Informe anual de actividades - 2006,2006,f,2006-11-14,2006-11-14
Informe anual de actividades - 2005,2005,f,2005-11-14,2005-11-14
Plan de trabajo - 2006,2006,f,2006-01-15,2006-02-15
Plan de trabajo - 2005,2005,f,2005-01-15,2005-02-15
Plan de trabajo - 2004,2004,f,2004-01-15,2004-02-15
Plan de trabajo - 2007,2007,f,2007-01-15,2007-02-15
Plan de trabajo - 2008,2008,f,2008-01-27,2008-08-25
Informe anual de actividades - 2007,2007,f,2007-11-30,2008-09-08
Informe anual de actividades - 2008,2008,f,2008-12-01,2009-02-28
Informe anual de actividades - 2009,2009,f,2009-12-15,2010-01-15
Informe anual de actividades - 2010,2010,f,2010-12-15,2011-01-30
Plan de trabajo - 2011,2011,f,2010-12-15,2011-01-30
Plan de trabajo - 2010,2010,f,2009-12-15,2010-01-30
Plan de trabajo - 2009,2009,f,2008-12-15,2009-01-30
Informe anual de actividades - 2011,2011,f,2011-12-05,2012-02-20
Plan de trabajo - 2012,2012,f,2011-12-05,2012-02-20
Plan de trabajo - 2013,2013,t,2012-11-16,2013-01-31
Informe anual de actividades - 2003,2012,f,2003-11-14,2003-11-14
Informe anual de actividades - 2012,2012,f,2012-11-16,2013-02-10
